id_original,id_sospechoso,archivo_original,archivo_sospechoso,similitud,clasificacion,confianza
01513,01513,source-document01513.txt,suspicious-document01513.txt,0.8940048813819885,plagio,0.5760195255279541
01507,01507,source-document01507.txt,suspicious-document01507.txt,0.9233503341674805,plagio,0.6934013366699219
01506,01506,source-document01506.txt,suspicious-document01506.txt,0.9253941774368286,plagio,0.7015767097473145
01512,01512,source-document01512.txt,suspicious-document01512.txt,0.9400048851966858,plagio,0.7600195407867432
01504,01504,source-document01504.txt,suspicious-document01504.txt,0.9318904280662537,plagio,0.7275617122650146
01510,01510,source-document01510.txt,suspicious-document01510.txt,0.9367644786834717,plagio,0.7470579147338867
01538,01538,source-document01538.txt,suspicious-document01538.txt,0.9705270528793335,plagio,0.882108211517334
01539,01539,source-document01539.txt,suspicious-document01539.txt,-0.1558702141046524,original,1.2078269521395366
01511,01511,source-document01511.txt,suspicious-document01511.txt,0.9127267003059387,plagio,0.6509068012237549
01505,01505,source-document01505.txt,suspicious-document01505.txt,0.8943125605583191,plagio,0.5772502422332764
01529,01529,source-document01529.txt,suspicious-document01529.txt,0.9434871673583984,plagio,0.7739486694335938
01501,01501,source-document01501.txt,suspicious-document01501.txt,0.9168634414672852,plagio,0.6674537658691406
01515,01515,source-document01515.txt,suspicious-document01515.txt,0.85233074426651,plagio,0.40932297706604004
01514,01514,source-document01514.txt,suspicious-document01514.txt,0.8478860259056091,plagio,0.3915441036224365
01528,01528,source-document01528.txt,suspicious-document01528.txt,0.9375190734863281,plagio,0.7500762939453125
01516,01516,source-document01516.txt,suspicious-document01516.txt,0.6579922437667847,original,0.12267700831095374
01502,01502,source-document01502.txt,suspicious-document01502.txt,0.9608414173126221,plagio,0.8433656692504883
01503,01503,source-document01503.txt,suspicious-document01503.txt,0.9561452269554138,plagio,0.8245809078216553
01517,01517,source-document01517.txt,suspicious-document01517.txt,0.8521047830581665,plagio,0.408419132232666
01570,01570,source-document01570.txt,suspicious-document01570.txt,0.9530014991760254,plagio,0.8120059967041016
01564,01564,source-document01564.txt,suspicious-document01564.txt,0.923725962638855,plagio,0.6949038505554199
01558,01558,source-document01558.txt,suspicious-document01558.txt,0.9680086374282837,plagio,0.8720345497131348
01559,01559,source-document01559.txt,suspicious-document01559.txt,-0.01836162433028221,original,1.0244821657737095
01565,01565,source-document01565.txt,suspicious-document01565.txt,0.9425031542778015,plagio,0.770012617111206
01571,01571,source-document01571.txt,suspicious-document01571.txt,-0.21470250189304352,original,1.286270002524058
01598,01598,source-document01598.txt,suspicious-document01598.txt,0.7816818952560425,plagio,0.12672758102416992
01567,01567,source-document01567.txt,suspicious-document01567.txt,-0.2202332317829132,original,1.2936443090438843
01573,01573,source-document01573.txt,suspicious-document01573.txt,0.9310710430145264,plagio,0.7242841720581055
01572,01572,source-document01572.txt,suspicious-document01572.txt,-0.178628608584404,original,1.2381714781125386
01566,01566,source-document01566.txt,suspicious-document01566.txt,0.9538727402687073,plagio,0.8154909610748291
01599,01599,source-document01599.txt,suspicious-document01599.txt,0.944585919380188,plagio,0.778343677520752
01600,01600,source-document01600.txt,suspicious-document01600.txt,-0.20948760211467743,original,1.2793168028195698
01589,01589,source-document01589.txt,suspicious-document01589.txt,0.9107943773269653,plagio,0.6431775093078613
01562,01562,source-document01562.txt,suspicious-document01562.txt,0.7849133014678955,plagio,0.13965320587158203
01576,01576,source-document01576.txt,suspicious-document01576.txt,0.7076306939125061,original,0.056492408116658566
01577,01577,source-document01577.txt,suspicious-document01577.txt,0.9240339994430542,plagio,0.6961359977722168
01563,01563,source-document01563.txt,suspicious-document01563.txt,0.9792673587799072,plagio,0.9170694351196289
01588,01588,source-document01588.txt,suspicious-document01588.txt,0.9624024629592896,plagio,0.8496098518371582
01549,01549,source-document01549.txt,suspicious-document01549.txt,0.7926459908485413,plagio,0.17058396339416504
01575,01575,source-document01575.txt,suspicious-document01575.txt,0.8568961024284363,plagio,0.4275844097137451
01561,01561,source-document01561.txt,suspicious-document01561.txt,0.7388482689857483,original,0.014868974685668945
01560,01560,source-document01560.txt,suspicious-document01560.txt,0.9613332748413086,plagio,0.8453330993652344
01574,01574,source-document01574.txt,suspicious-document01574.txt,0.9144272804260254,plagio,0.6577091217041016
01548,01548,source-document01548.txt,suspicious-document01548.txt,0.9050426483154297,plagio,0.6201705932617188
01592,01592,source-document01592.txt,suspicious-document01592.txt,0.9604824185371399,plagio,0.8419296741485596
01586,01586,source-document01586.txt,suspicious-document01586.txt,0.9549698829650879,plagio,0.8198795318603516
01551,01551,source-document01551.txt,suspicious-document01551.txt,0.9182876348495483,plagio,0.6731505393981934
01545,01545,source-document01545.txt,suspicious-document01545.txt,0.9298137426376343,plagio,0.7192549705505371
01579,01579,source-document01579.txt,suspicious-document01579.txt,0.7224908471107483,original,0.036678870519002316
01578,01578,source-document01578.txt,suspicious-document01578.txt,0.9395924806594849,plagio,0.7583699226379395
01544,01544,source-document01544.txt,suspicious-document01544.txt,0.9150724411010742,plagio,0.6602897644042969
01550,01550,source-document01550.txt,suspicious-document01550.txt,0.9559167623519897,plagio,0.823667049407959
01587,01587,source-document01587.txt,suspicious-document01587.txt,0.9156965017318726,plagio,0.6627860069274902
01593,01593,source-document01593.txt,suspicious-document01593.txt,0.9803836345672607,plagio,0.921534538269043
01585,01585,source-document01585.txt,suspicious-document01585.txt,0.9023258686065674,plagio,0.6093034744262695
01591,01591,source-document01591.txt,suspicious-document01591.txt,0.9230055809020996,plagio,0.6920223236083984
01546,01546,source-document01546.txt,suspicious-document01546.txt,0.5925607681274414,original,0.20991897583007812
01552,01552,source-document01552.txt,suspicious-document01552.txt,-0.21631336212158203,original,1.2884178161621094
01553,01553,source-document01553.txt,suspicious-document01553.txt,0.9730358123779297,plagio,0.8921432495117188
01547,01547,source-document01547.txt,suspicious-document01547.txt,0.9377241134643555,plagio,0.7508964538574219
01590,01590,source-document01590.txt,suspicious-document01590.txt,0.9714351296424866,plagio,0.8857405185699463
01584,01584,source-document01584.txt,suspicious-document01584.txt,0.9545131325721741,plagio,0.8180525302886963
01580,01580,source-document01580.txt,suspicious-document01580.txt,0.8769394159317017,plagio,0.5077576637268066
01594,01594,source-document01594.txt,suspicious-document01594.txt,0.967221200466156,plagio,0.868884801864624
01543,01543,source-document01543.txt,suspicious-document01543.txt,0.9172184467315674,plagio,0.6688737869262695
01557,01557,source-document01557.txt,suspicious-document01557.txt,0.9261776208877563,plagio,0.7047104835510254
01556,01556,source-document01556.txt,suspicious-document01556.txt,0.9593223929405212,plagio,0.837289571762085
01542,01542,source-document01542.txt,suspicious-document01542.txt,0.913026750087738,plagio,0.6521070003509521
01595,01595,source-document01595.txt,suspicious-document01595.txt,0.9114471673965454,plagio,0.6457886695861816
01581,01581,source-document01581.txt,suspicious-document01581.txt,0.9006384611129761,plagio,0.6025538444519043
01597,01597,source-document01597.txt,suspicious-document01597.txt,0.9472732543945312,plagio,0.789093017578125
01583,01583,source-document01583.txt,suspicious-document01583.txt,0.9821499586105347,plagio,0.9285998344421387
01568,01568,source-document01568.txt,suspicious-document01568.txt,0.9518575668334961,plagio,0.8074302673339844
01554,01554,source-document01554.txt,suspicious-document01554.txt,0.8585292100906372,plagio,0.43411684036254883
01540,01540,source-document01540.txt,suspicious-document01540.txt,0.723891019821167,original,0.034811973571777344
01541,01541,source-document01541.txt,suspicious-document01541.txt,0.8895527124404907,plagio,0.5582108497619629
01555,01555,source-document01555.txt,suspicious-document01555.txt,0.8456697463989258,plagio,0.3826789855957031
01569,01569,source-document01569.txt,suspicious-document01569.txt,0.9436413049697876,plagio,0.7745652198791504
01582,01582,source-document01582.txt,suspicious-document01582.txt,0.9810397028923035,plagio,0.9241588115692139
01596,01596,source-document01596.txt,suspicious-document01596.txt,0.9644739031791687,plagio,0.8578956127166748
01532,01532,source-document01532.txt,suspicious-document01532.txt,0.9121831655502319,plagio,0.6487326622009277
01526,01526,source-document01526.txt,suspicious-document01526.txt,0.891815721988678,plagio,0.5672628879547119
01527,01527,source-document01527.txt,suspicious-document01527.txt,0.8876907229423523,plagio,0.5507628917694092
01533,01533,source-document01533.txt,suspicious-document01533.txt,0.9069711565971375,plagio,0.6278846263885498
01525,01525,source-document01525.txt,suspicious-document01525.txt,0.8521052002906799,plagio,0.4084208011627197
01531,01531,source-document01531.txt,suspicious-document01531.txt,0.9195712804794312,plagio,0.6782851219177246
01519,01519,source-document01519.txt,suspicious-document01519.txt,0.9261268377304077,plagio,0.7045073509216309
01518,01518,source-document01518.txt,suspicious-document01518.txt,0.9453256726264954,plagio,0.7813026905059814
01530,01530,source-document01530.txt,suspicious-document01530.txt,0.8813990354537964,plagio,0.5255961418151855
01524,01524,source-document01524.txt,suspicious-document01524.txt,0.9315946102142334,plagio,0.7263784408569336
01508,01508,source-document01508.txt,suspicious-document01508.txt,0.9433916211128235,plagio,0.773566484451294
01520,01520,source-document01520.txt,suspicious-document01520.txt,0.8920594453811646,plagio,0.5682377815246582
01534,01534,source-document01534.txt,suspicious-document01534.txt,0.9165207147598267,plagio,0.6660828590393066
01535,01535,source-document01535.txt,suspicious-document01535.txt,0.9505570530891418,plagio,0.8022282123565674
01521,01521,source-document01521.txt,suspicious-document01521.txt,-0.17393283545970917,original,1.2319104472796123
01509,01509,source-document01509.txt,suspicious-document01509.txt,0.9663600921630859,plagio,0.8654403686523438
01537,01537,source-document01537.txt,suspicious-document01537.txt,0.9642136096954346,plagio,0.8568544387817383
01523,01523,source-document01523.txt,suspicious-document01523.txt,0.9225735664367676,plagio,0.6902942657470703
01522,01522,source-document01522.txt,suspicious-document01522.txt,0.9634895324707031,plagio,0.8539581298828125
01536,01536,source-document01536.txt,suspicious-document01536.txt,0.9362912774085999,plagio,0.7451651096343994
